subject_id,best_channel,std_ch0,std_rank_ch0,sum_long_ch0,sum_long_rank_ch0,missing_fraction_ch0,missing_fraction_rank_ch0,rmssd_ch0,rmssd_rank_ch0,nn50_ch0,nn50_rank_ch0,pnn50_ch0,pnn50_rank_ch0,total_score_ch0,std_ch1,std_rank_ch1,sum_long_ch1,sum_long_rank_ch1,missing_fraction_ch1,missing_fraction_rank_ch1,rmssd_ch1,rmssd_rank_ch1,nn50_ch1,nn50_rank_ch1,pnn50_ch1,pnn50_rank_ch1,total_score_ch1,std_ch2,std_rank_ch2,sum_long_ch2,sum_long_rank_ch2,missing_fraction_ch2,missing_fraction_rank_ch2,rmssd_ch2,rmssd_rank_ch2,nn50_ch2,nn50_rank_ch2,pnn50_ch2,pnn50_rank_ch2,total_score_ch2,best_channel_IBIs,best_std,best_std_rank,best_sum_long,best_sum_long_rank,best_missing_fraction,best_missing_fraction_rank,best_rmssd,best_rmssd_rank,best_nn50,best_nn50_rank,best_pnn50,best_pnn50_rank,best_total_score
01,ch0,24.041429852288605,1.0,0.0,1.0,2.0,1.0,27.159986995891977,1.0,39.0,1.0,10.372340425531915,1.0,6.0,,,,,,,,,,,,,,,,,,,,,,,,,,,"0      377
1      345
2      339
3      348
4      349
      ... 
372    323
373    357
374    324
375    331
376    301
Name: 0, Length: 377, dtype: int64",24.041429852288605,1,0,1,2,1,27.159986995891977,1,39,1,10.372340425531915,1,6
02,ch1,,,,,,,,,,,,,,1270.8026786579885,1.0,28.0,1.0,3.0,1.0,1682.305288806334,1.0,72.0,1.0,61.016949152542374,1.0,6.0,,,,,,,,,,,,,,"0      2804
1      5909
2       990
3       587
4       379
       ... 
114    3392
115     403
116     541
117     389
118    1016
Name: 0, Length: 119, dtype: int64",1270.8026786579885,1,28,1,3,1,1682.305288806334,1,72,1,61.016949152542374,1,6
03,ch1,15.770685751041906,1.0,0.0,1.0,52.0,3.0,18.74974949732462,3.0,14.0,3.0,2.80561122244489,3.0,14.0,37.4242395554717,3.0,0.0,2.0,43.0,2.0,48.85407258523352,1.0,22.0,1.0,4.489795918367347,1.0,10.0,34.65394244775451,2.0,0.0,3.0,40.0,1.0,45.65587968261586,2.0,22.0,2.0,4.471544715447155,2.0,12.0,"0      274
1      277
2      281
3      276
4      276
      ... 
486    273
487    283
488    282
489    290
490    293
Name: 0, Length: 491, dtype: int64",37.4242395554717,3,0,2,43,2,48.85407258523352,1,22,1,4.489795918367347,1,10
04,ch2,36.26321325436572,1.0,0.0,1.0,4.0,1.0,44.7366781329411,3.0,38.0,3.0,8.796296296296296,3.0,12.0,95.25533780881743,3.0,2.0,3.0,14.0,3.0,132.7708275058176,1.0,61.0,2.0,14.489311163895488,2.0,14.0,74.08914529095526,2.0,1.0,2.0,13.0,2.0,102.53021106250863,2.0,75.0,1.0,17.81472684085511,1.0,10.0,"0      323
1      338
2      370
3      377
4      388
      ... 
417    211
418    433
419    315
420    321
421    356
Name: 0, Length: 422, dtype: int64",74.08914529095526,2,1,2,13,2,102.53021106250863,2,75,1,17.81472684085511,1,10
06,ch2,36.20249574932097,1.0,0.0,1.0,5.0,1.0,37.84845432122023,3.0,26.0,3.0,7.142857142857142,3.0,12.0,78.14042169969359,2.0,1.0,2.0,19.0,3.0,110.01714685784087,2.0,59.0,2.0,16.164383561643834,2.0,13.0,90.2194169812996,3.0,1.0,3.0,13.0,2.0,123.69725663665717,1.0,75.0,1.0,21.1864406779661,1.0,11.0,"0      396
1      404
2      847
3      353
4      400
      ... 
350    436
351    440
352    432
353    840
354    396
Name: 0, Length: 355, dtype: int64",90.2194169812996,3,1,3,13,2,123.69725663665717,1,75,1,21.1864406779661,1,11
07,ch0,39.55377712879169,2.0,0.0,1.0,3.0,1.0,45.56667736284456,2.0,17.0,3.0,5.214723926380368,3.0,12.0,40.97428719524417,3.0,0.0,2.0,6.0,2.0,46.481655978543245,1.0,18.0,2.0,5.5045871559633035,2.0,12.0,38.88986956684525,1.0,0.0,3.0,6.0,3.0,44.86137183509694,3.0,23.0,1.0,7.01219512195122,1.0,12.0,"0      405
1      155
2      219
3      332
4      405
      ... 
322    405
323    420
324    428
325    439
326    396
Name: 0, Length: 327, dtype: int64",39.55377712879169,2,0,1,3,1,45.56667736284456,2,17,3,5.214723926380368,3,12
08,ch0,21.928693302100044,1.0,0.0,1.0,424.0,1.0,9.669364715196409,1.0,0.0,1.0,0.0,1.0,6.0,,,,,,,,,,,,,,,,,,,,,,,,,,,"0      212
1      222
2      214
3      208
4      227
      ... 
439    188
440    192
441    197
442    229
443    223
Name: 0, Length: 444, dtype: int64",21.928693302100044,1,0,1,424,1,9.669364715196409,1,0,1,0.0,1,6
09,ch0,105.7902241456564,3.0,2.0,3.0,18.0,3.0,145.7108315740279,1.0,174.0,1.0,45.91029023746702,1.0,12.0,38.264499063737674,1.0,0.0,1.0,3.0,1.0,29.900138407077687,3.0,15.0,3.0,3.91644908616188,3.0,12.0,66.7484584837486,2.0,1.0,2.0,12.0,2.0,78.17796537921241,2.0,36.0,2.0,9.375,2.0,12.0,"0      401
1      447
2      154
3      242
4      454
      ... 
375    384
376    445
377    450
378    424
379    497
Name: 0, Length: 380, dtype: int64",105.7902241456564,3,2,3,18,3,145.7108315740279,1,174,1,45.91029023746702,1,12
10,ch0,31.155684827090788,1.0,0.0,1.0,0.0,1.0,34.091020035470095,3.0,53.0,1.0,12.470588235294118,1.0,8.0,112.38935805461621,3.0,3.0,3.0,1.0,2.0,157.31324416629215,1.0,32.0,2.0,7.901234567901234,2.0,13.0,69.68219492040222,2.0,2.0,2.0,1.0,3.0,88.89518669122344,2.0,26.0,3.0,6.265060240963856,3.0,15.0,"0      344
1      356
2      352
3      384
4      292
      ... 
421    329
422    336
423    359
424    377
425    352
Name: 0, Length: 426, dtype: int64",31.155684827090788,1,0,1,0,1,34.091020035470095,3,53,1,12.470588235294118,1,8
11,ch0,35.087118825873574,1.0,0.0,1.0,2.0,1.0,31.48341857488304,3.0,22.0,2.0,8.870967741935484,2.0,10.0,37.52322245100452,2.0,0.0,2.0,6.0,2.0,31.608100227631525,2.0,7.0,3.0,2.8000000000000003,3.0,14.0,87.65750090873419,3.0,1.0,3.0,12.0,3.0,121.02648094904309,1.0,59.0,1.0,24.380165289256198,1.0,12.0,"0      354
1      364
2      384
3      403
4      409
      ... 
244    395
245    415
246    389
247    400
248    379
Name: 0, Length: 249, dtype: int64",35.087118825873574,1,0,1,2,1,31.48341857488304,3,22,2,8.870967741935484,2,10
12,ch0,639.1955801850885,1.0,10.0,1.0,24.0,1.0,851.590197335274,1.0,131.0,1.0,32.34567901234568,1.0,6.0,,,,,,,,,,,,,,,,,,,,,,,,,,,"0      268
1      319
2      246
3      299
4      312
      ... 
401    320
402    294
403    301
404    297
405    295
Name: 0, Length: 406, dtype: int64",639.1955801850885,1,10,1,24,1,851.590197335274,1,131,1,32.34567901234568,1,6
14,ch0,36.912384636552716,2.0,0.0,1.0,44.0,2.0,39.74195036793764,1.0,94.0,1.0,18.650793650793652,1.0,8.0,36.50640485205736,1.0,0.0,2.0,10.0,1.0,32.62401023383812,2.0,11.0,2.0,2.1868787276341948,2.0,10.0,,,,,,,,,,,,,,"0      323
1      260
2      293
3      272
4      320
      ... 
500    251
501    313
502    320
503    312
504    304
Name: 0, Length: 505, dtype: int64",36.912384636552716,2,0,1,44,2,39.74195036793764,1,94,1,18.650793650793652,1,8
15,ch2,,,,,,,,,,,,,,174.8558599318608,1.0,6.0,1.0,59.0,2.0,238.18353776199294,2.0,207.0,2.0,60.526315789473685,2.0,10.0,210.2769612664205,2.0,8.0,2.0,57.0,1.0,293.3878134669351,1.0,228.0,1.0,69.0909090909091,1.0,8.0,"0       438
1      1746
2       521
3       668
4       385
       ... 
326     225
327     370
328     184
329     267
330     501
Name: 0, Length: 331, dtype: int64",210.2769612664205,2,8,2,57,1,293.3878134669351,1,228,1,69.0909090909091,1,8
16,ch0,263.18383070843805,1.0,10.0,1.0,17.0,1.0,365.22032507070145,1.0,141.0,1.0,64.38356164383562,1.0,6.0,,,,,,,,,,,,,,,,,,,,,,,,,,,"0      397
1      561
2      474
3      328
4      389
      ... 
215    209
216    207
217    453
218    296
219    350
Name: 0, Length: 220, dtype: int64",263.18383070843805,1,10,1,17,1,365.22032507070145,1,141,1,64.38356164383562,1,6
17,ch0,90.78215020777783,1.0,0.0,1.0,74.0,1.0,118.17185171800237,1.0,140.0,1.0,33.65384615384615,1.0,6.0,,,,,,,,,,,,,,,,,,,,,,,,,,,"0      388
1      223
2      174
3      417
4      182
      ... 
412    427
413    208
414    593
415    400
416    398
Name: 0, Length: 417, dtype: int64",90.78215020777783,1,0,1,74,1,118.17185171800237,1,140,1,33.65384615384615,1,6
19,ch2,,,,,,,,,,,,,,,,,,,,,,,,,,,152.57414375541643,1.0,4.0,1.0,18.0,1.0,208.68527033807337,1.0,173.0,1.0,53.89408099688473,1.0,6.0,"0      185
1      300
2      471
3      445
4      484
      ... 
317    412
318    292
319    596
320    484
321    472
Name: 0, Length: 322, dtype: int64",152.57414375541643,1,4,1,18,1,208.68527033807337,1,173,1,53.89408099688473,1,6
21,ch0,65.93701468242426,1.0,0.0,1.0,260.0,1.0,75.33975187303514,1.0,85.0,1.0,23.743016759776538,1.0,6.0,,,,,,,,,,,,,,,,,,,,,,,,,,,"0      176
1      168
2      160
3      156
4      155
      ... 
354    151
355    304
356    179
357    193
358    180
Name: 0, Length: 359, dtype: int64",65.93701468242426,1,0,1,260,1,75.33975187303514,1,85,1,23.743016759776538,1,6
22,ch0,1671.4186789759506,1.0,31.0,1.0,7.0,1.0,2317.536496176729,1.0,96.0,1.0,53.333333333333336,1.0,6.0,,,,,,,,,,,,,,,,,,,,,,,,,,,"0      2454
1      1387
2       441
3       604
4       654
       ... 
176     291
177     293
178     303
179     307
180     318
Name: 0, Length: 181, dtype: int64",1671.4186789759506,1,31,1,7,1,2317.536496176729,1,96,1,53.333333333333336,1,6
23,ch1,83.91027929658682,1.0,1.0,1.0,4.0,1.0,106.89841907156533,3.0,41.0,3.0,10.933333333333334,3.0,12.0,159.2210375259554,3.0,1.0,2.0,10.0,2.0,220.89802701201657,1.0,51.0,1.0,13.672922252010725,1.0,10.0,158.73606281591424,2.0,1.0,3.0,10.0,3.0,218.784240748734,2.0,51.0,2.0,13.600000000000001,2.0,14.0,"0      355
1      356
2      372
3      390
4      375
      ... 
369    455
370    407
371    381
372    360
373    342
Name: 0, Length: 374, dtype: int64",159.2210375259554,3,1,2,10,2,220.89802701201657,1,51,1,13.672922252010725,1,10
25,ch0,103.33124579733958,2.0,0.0,1.0,26.0,3.0,115.545477994727,2.0,131.0,1.0,39.221556886227546,2.0,11.0,91.3275893426258,1.0,1.0,2.0,17.0,1.0,97.5405794228553,3.0,90.0,3.0,27.439024390243905,3.0,13.0,124.34037646504093,3.0,3.0,3.0,22.0,2.0,160.58099096214687,1.0,128.0,2.0,39.75155279503105,1.0,12.0,"0      505
1      443
2      399
3      396
4      453
      ... 
330    543
331    441
332    460
333    440
334    472
Name: 0, Length: 335, dtype: int64",103.33124579733958,2,0,1,26,3,115.545477994727,2,131,1,39.221556886227546,2,11
26,ch0,108.90298956072603,2.0,1.0,1.0,20.0,3.0,148.94420887866224,2.0,101.0,1.0,27.22371967654987,1.0,10.0,89.94365533634712,1.0,2.0,2.0,8.0,1.0,116.10847470178102,3.0,33.0,3.0,8.89487870619946,3.0,13.0,130.90412633118706,3.0,5.0,3.0,14.0,2.0,174.75036354880513,1.0,50.0,2.0,13.736263736263737,2.0,13.0,"0      414
1      366
2      370
3      379
4      401
      ... 
367    394
368    399
369    280
370    339
371    558
Name: 0, Length: 372, dtype: int64",108.90298956072603,2,1,1,20,3,148.94420887866224,2,101,1,27.22371967654987,1,10
27,ch1,,,,,,,,,,,,,,157.80090398718633,2.0,5.0,1.0,42.0,2.0,214.63579571958064,1.0,176.0,1.0,45.95300261096606,1.0,8.0,154.93708329178696,1.0,6.0,2.0,29.0,1.0,199.46544203657163,2.0,160.0,2.0,42.780748663101605,2.0,10.0,"0      360
1      377
2      800
3      821
4      372
      ... 
379    196
380    352
381    344
382    344
383    325
Name: 0, Length: 384, dtype: int64",157.80090398718633,2,5,1,42,2,214.63579571958064,1,176,1,45.95300261096606,1,8
28,ch0,50.093787618067005,1.0,0.0,1.0,2.0,1.0,52.15750012488241,3.0,97.0,2.0,23.373493975903614,2.0,10.0,101.92233678477467,2.0,2.0,2.0,11.0,2.0,130.05376704744972,2.0,87.0,3.0,21.96969696969697,3.0,14.0,112.9012939252596,3.0,2.0,3.0,14.0,3.0,150.83536234140624,1.0,104.0,1.0,26.13065326633166,1.0,12.0,"0      448
1      433
2      432
3      448
4      460
      ... 
411    299
412    345
413    392
414    375
415    330
Name: 0, Length: 416, dtype: int64",50.093787618067005,1,0,1,2,1,52.15750012488241,3,97,2,23.373493975903614,2,10
30,ch0,22.702841644648526,1.0,0.0,1.0,0.0,1.0,18.00780803317673,2.0,9.0,2.0,2.8753993610223643,2.0,9.0,37.20429024154249,2.0,0.0,2.0,8.0,2.0,43.427480145019146,1.0,17.0,1.0,5.396825396825397,1.0,9.0,,,,,,,,,,,,,,"0      335
1      346
2      331
3      331
4      342
      ... 
309    327
310    313
311    313
312    317
313    333
Name: 0, Length: 314, dtype: int64",22.702841644648526,1,0,1,0,1,18.00780803317673,2,9,2,2.8753993610223643,2,9
31,ch1,,,,,,,,,,,,,,47.30741085527402,1.0,0.0,1.0,6.0,2.0,42.9781771523666,2.0,42.0,1.0,10.824742268041238,1.0,8.0,58.97649900651051,2.0,0.0,2.0,3.0,1.0,54.75573124492692,1.0,38.0,2.0,9.895833333333332,2.0,10.0,"0      406
1      407
2      374
3      383
4      410
      ... 
384    461
385    525
386    505
387    490
388    450
Name: 0, Length: 389, dtype: int64",47.30741085527402,1,0,1,6,2,42.9781771523666,2,42,1,10.824742268041238,1,8
32,ch0,92.53362891756626,3.0,0.0,1.0,2.0,1.0,165.13554018056732,1.0,281.0,1.0,75.74123989218329,1.0,8.0,89.92857798945387,1.0,0.0,2.0,3.0,2.0,160.03421972340723,3.0,277.0,3.0,74.66307277628033,3.0,14.0,92.35707881659953,2.0,0.0,3.0,3.0,3.0,164.04598822698856,2.0,278.0,2.0,74.93261455525607,2.0,14.0,"0      357
1      341
2      395
3      368
4      346
      ... 
367    486
368    395
369    288
370    552
371    319
Name: 0, Length: 372, dtype: int64",92.53362891756626,3,0,1,2,1,165.13554018056732,1,281,1,75.74123989218329,1,8
33,ch0,62.57124312015734,1.0,0.0,1.0,5.0,1.0,56.4227856839466,3.0,61.0,3.0,19.741100323624593,3.0,12.0,73.44171824893604,2.0,0.0,2.0,6.0,2.0,73.65829805116917,2.0,71.0,2.0,22.756410256410255,2.0,12.0,98.06775130491744,3.0,1.0,3.0,17.0,3.0,123.28805122017182,1.0,97.0,1.0,30.407523510971785,1.0,12.0,"0      548
1      536
2      529
3      506
4      481
      ... 
305    538
306    466
307    455
308    503
309    529
Name: 0, Length: 310, dtype: int64",62.57124312015734,1,0,1,5,1,56.4227856839466,3,61,3,19.741100323624593,3,12
34,ch0,44.04630494982786,3.0,0.0,1.0,7.0,3.0,29.158277181704822,1.0,27.0,1.0,7.6923076923076925,1.0,10.0,42.78772289390358,1.0,0.0,2.0,0.0,1.0,23.455480045386924,3.0,16.0,3.0,4.5584045584045585,3.0,13.0,42.81339764153293,2.0,0.0,3.0,0.0,2.0,23.515952032609693,2.0,17.0,2.0,4.843304843304843,2.0,13.0,"0      391
1      399
2      412
3      349
4      344
      ... 
347    290
348    275
349    284
350    282
351    279
Name: 0, Length: 352, dtype: int64",44.04630494982786,3,0,1,7,3,29.158277181704822,1,27,1,7.6923076923076925,1,10
35,ch1,,,,,,,,,,,,,,54.12316451371524,2.0,1.0,2.0,6.0,1.0,64.903468635843,1.0,35.0,1.0,8.433734939759036,1.0,8.0,43.49874585997837,1.0,0.0,1.0,8.0,2.0,46.21972693444582,2.0,32.0,2.0,7.655502392344498,2.0,10.0,"0      326
1      342
2      359
3      411
4      392
      ... 
411    413
412    384
413    352
414    348
415    355
Name: 0, Length: 416, dtype: int64",54.12316451371524,2,1,2,6,1,64.903468635843,1,35,1,8.433734939759036,1,8
36,ch0,177.12345561758121,2.0,8.0,2.0,36.0,1.0,235.37314692352425,1.0,153.0,1.0,46.646341463414636,1.0,8.0,166.69384089318862,1.0,4.0,1.0,40.0,2.0,220.6617081480501,2.0,148.0,2.0,43.401759530791786,2.0,10.0,,,,,,,,,,,,,,"0       400
1       413
2       465
3       495
4       411
       ... 
324    1383
325     352
326    1244
327     374
328     718
Name: 0, Length: 329, dtype: int64",177.12345561758121,2,8,2,36,1,235.37314692352425,1,153,1,46.646341463414636,1,8
37,ch0,57.506100796935414,1.0,0.0,1.0,4.0,1.0,79.90629616170277,2.0,94.0,2.0,21.709006928406467,2.0,9.0,73.0788381218084,2.0,0.0,2.0,30.0,2.0,102.30548190545302,1.0,117.0,1.0,27.209302325581397,1.0,9.0,,,,,,,,,,,,,,"0      360
1      467
2      344
3      416
4      323
      ... 
429    354
430    265
431    599
432    328
433    252
Name: 0, Length: 434, dtype: int64",57.506100796935414,1,0,1,4,1,79.90629616170277,2,94,2,21.709006928406467,2,9
39,ch0,95.40185836257587,1.0,1.0,1.0,2.0,1.0,121.60169079494118,2.0,124.0,1.0,32.460732984293195,1.0,7.0,184.62942535045158,2.0,6.0,2.0,13.0,2.0,259.1512770730682,1.0,70.0,2.0,18.817204301075268,2.0,11.0,,,,,,,,,,,,,,"0      304
1      356
2      292
3      328
4      328
      ... 
378    382
379    358
380    382
381    413
382    393
Name: 0, Length: 383, dtype: int64",95.40185836257587,1,1,1,2,1,121.60169079494118,2,124,1,32.460732984293195,1,7
40,ch0,30.456315221105047,2.0,0.0,1.0,0.0,1.0,19.45544850715859,2.0,15.0,2.0,3.34075723830735,2.0,10.0,30.23503419461138,1.0,0.0,2.0,0.0,2.0,18.692268210910008,3.0,13.0,3.0,2.89532293986637,3.0,14.0,39.04728423980425,3.0,0.0,3.0,7.0,3.0,40.890558540790046,1.0,29.0,1.0,6.444444444444445,1.0,12.0,"0      314
1      311
2      315
3      308
4      292
      ... 
445    360
446    344
447    327
448    329
449    329
Name: 0, Length: 450, dtype: int64",30.456315221105047,2,0,1,0,1,19.45544850715859,2,15,2,3.34075723830735,2,10
41,ch0,27.334702783269016,3.0,0.0,1.0,0.0,1.0,14.868521822174205,1.0,5.0,1.0,1.1764705882352942,1.0,8.0,26.989321279567804,2.0,0.0,2.0,0.0,2.0,13.188051633291135,2.0,2.0,3.0,0.4705882352941176,3.0,14.0,26.97798544046329,1.0,0.0,3.0,0.0,3.0,13.185107463480508,3.0,3.0,2.0,0.7058823529411765,2.0,14.0,"0      325
1      324
2      315
3      309
4      316
      ... 
421    392
422    371
423    369
424    377
425    379
Name: 0, Length: 426, dtype: int64",27.334702783269016,3,0,1,0,1,14.868521822174205,1,5,1,1.1764705882352942,1,8
42,ch0,58.86972851910858,3.0,0.0,1.0,13.0,3.0,51.41764204087424,1.0,24.0,1.0,6.956521739130435,1.0,10.0,42.62180400096959,1.0,0.0,2.0,4.0,1.0,38.54461461260468,3.0,10.0,3.0,2.949852507374631,3.0,13.0,46.159666384832256,2.0,0.0,3.0,6.0,2.0,41.695111859079795,2.0,13.0,2.0,3.823529411764706,2.0,13.0,"0      455
1      469
2      474
3      431
4      420
      ... 
341    444
342    464
343    480
344    476
345    451
Name: 0, Length: 346, dtype: int64",58.86972851910858,3,0,1,13,3,51.41764204087424,1,24,1,6.956521739130435,1,10
43,ch0,35.533595966605716,3.0,0.0,1.0,17.0,3.0,50.09243112116978,1.0,51.0,1.0,11.258278145695364,1.0,10.0,19.068193386226593,1.0,0.0,2.0,0.0,1.0,15.650133119774626,3.0,3.0,3.0,0.6666666666666667,3.0,13.0,29.394319406358587,2.0,0.0,3.0,3.0,2.0,38.52222914220609,2.0,25.0,2.0,5.56792873051225,2.0,13.0,"0      320
1      330
2      327
3      347
4      360
      ... 
449    407
450    311
451    310
452    312
453    319
Name: 0, Length: 454, dtype: int64",35.533595966605716,3,0,1,17,3,50.09243112116978,1,51,1,11.258278145695364,1,10
44,ch0,659.0870746646833,1.0,45.0,1.0,11.0,1.0,880.7348749765732,1.0,161.0,1.0,80.5,1.0,6.0,,,,,,,,,,,,,,,,,,,,,,,,,,,"0       357
1       254
2       793
3       373
4       251
       ... 
196    2299
197     545
198    1408
199     468
200     925
Name: 0, Length: 201, dtype: int64",659.0870746646833,1,45,1,11,1,880.7348749765732,1,161,1,80.5,1,6
45,ch0,1385.855255155747,1.0,17.0,1.0,10.0,1.0,1936.440963333923,1.0,85.0,1.0,31.716417910447763,1.0,6.0,,,,,,,,,,,,,,,,,,,,,,,,,,,"0      379
1      387
2      368
3      348
4      335
      ... 
264    370
265    353
266    319
267    444
268    291
Name: 0, Length: 269, dtype: int64",1385.855255155747,1,17,1,10,1,1936.440963333923,1,85,1,31.716417910447763,1,6
46,ch2,42.498218042302724,2.0,0.0,1.0,9.0,2.0,43.16233248064466,3.0,22.0,2.0,5.7441253263707575,3.0,13.0,59.15331460782579,3.0,1.0,3.0,8.0,1.0,70.32335091710667,1.0,22.0,3.0,5.7894736842105265,2.0,13.0,42.4935737795404,1.0,0.0,2.0,9.0,3.0,44.61883362590427,2.0,26.0,1.0,6.806282722513089,1.0,10.0,"0      391
1      400
2      381
3      383
4      382
      ... 
378    435
379    396
380    429
381    448
382    468
Name: 0, Length: 383, dtype: int64",42.4935737795404,1,0,2,9,3,44.61883362590427,2,26,1,6.806282722513089,1,10
47,ch0,153.30737256043383,1.0,4.0,1.0,116.0,2.0,205.2803716669851,2.0,184.0,1.0,38.01652892561984,1.0,8.0,166.29289466901918,2.0,5.0,2.0,67.0,1.0,213.92617783574212,1.0,90.0,2.0,18.711018711018713,2.0,10.0,,,,,,,,,,,,,,"0      276
1      535
2      272
3      256
4      261
      ... 
480    264
481    259
482    257
483    264
484    423
Name: 0, Length: 485, dtype: int64",153.30737256043383,1,4,1,116,2,205.2803716669851,2,184,1,38.01652892561984,1,8
48,ch1,,,,,,,,,,,,,,163.12543343637708,1.0,4.0,1.0,0.0,1.0,220.64460874298953,1.0,48.0,1.0,12.244897959183673,1.0,6.0,,,,,,,,,,,,,,"0      387
1      385
2      367
3      357
4      331
      ... 
388    338
389    359
390    361
391    363
392    336
Name: 0, Length: 393, dtype: int64",163.12543343637708,1,4,1,0,1,220.64460874298953,1,48,1,12.244897959183673,1,6
49,ch0,430.06277343801605,1.0,20.0,1.0,10.0,1.0,538.8609963382142,1.0,79.0,1.0,24.458204334365323,1.0,6.0,,,,,,,,,,,,,,,,,,,,,,,,,,,"0       350
1       350
2       342
3       345
4       343
       ... 
319     358
320     352
321     687
322    1519
323     171
Name: 0, Length: 324, dtype: int64",430.06277343801605,1,20,1,10,1,538.8609963382142,1,79,1,24.458204334365323,1,6
50,ch0,21.960240152006158,2.0,0.0,1.0,0.0,1.0,10.971889214769554,2.0,1.0,2.0,0.22624434389140274,2.0,10.0,33.49282349457826,3.0,0.0,2.0,4.0,3.0,42.900110735682105,1.0,88.0,1.0,19.954648526077097,1.0,11.0,21.74960990530465,1.0,0.0,3.0,0.0,2.0,9.943263082390185,3.0,0.0,3.0,0.0,3.0,15.0,"0      331
1      322
2      320
3      311
4      300
      ... 
438    323
439    331
440    337
441    340
442    332
Name: 0, Length: 443, dtype: int64",21.960240152006158,2,0,1,0,1,10.971889214769554,2,1,2,0.22624434389140274,2,10
51,ch2,,,,,,,,,,,,,,,,,,,,,,,,,,,272.34108356561,1.0,4.0,1.0,24.0,1.0,391.46339506256913,1.0,100.0,1.0,27.173913043478258,1.0,6.0,"0      387
1      408
2      214
3      332
4      256
      ... 
364    408
365    409
366    412
367    420
368    428
Name: 0, Length: 369, dtype: int64",272.34108356561,1,4,1,24,1,391.46339506256913,1,100,1,27.173913043478258,1,6
52,ch0,51.214766410786034,1.0,0.0,1.0,9.0,1.0,61.905117637749385,3.0,44.0,2.0,11.282051282051283,2.0,10.0,54.55948880692862,2.0,0.0,2.0,11.0,2.0,67.70077452876644,2.0,35.0,3.0,8.974358974358974,3.0,14.0,79.55845290095444,3.0,1.0,3.0,11.0,3.0,104.02042439395964,1.0,48.0,1.0,12.56544502617801,1.0,12.0,"0      376
1      376
2      376
3      348
4      369
      ... 
386    406
387    420
388    427
389    464
390    775
Name: 0, Length: 391, dtype: int64",51.214766410786034,1,0,1,9,1,61.905117637749385,3,44,2,11.282051282051283,2,10
53,ch0,49.91854955078795,3.0,0.0,1.0,13.0,3.0,54.633328032574525,1.0,34.0,1.0,9.042553191489363,1.0,10.0,35.99881577559459,1.0,0.0,2.0,1.0,1.0,41.416462542873184,2.0,9.0,3.0,2.4456521739130435,3.0,12.0,37.93607682959918,2.0,0.0,3.0,6.0,2.0,31.57019827867476,3.0,11.0,2.0,2.956989247311828,2.0,14.0,"0      357
1      371
2      378
3      267
4      571
      ... 
372    376
373    392
374    388
375    401
376    400
Name: 0, Length: 377, dtype: int64",49.91854955078795,3,0,1,13,3,54.633328032574525,1,34,1,9.042553191489363,1,10
54,ch0,44.991757900669505,3.0,0.0,1.0,10.0,3.0,54.376861236877986,1.0,55.0,1.0,13.924050632911392,1.0,10.0,24.851164540947547,1.0,0.0,2.0,0.0,1.0,19.762759591379606,3.0,6.0,3.0,1.5384615384615385,3.0,13.0,35.38602028388317,2.0,0.0,3.0,6.0,2.0,40.195155307624844,2.0,23.0,2.0,5.86734693877551,2.0,13.0,"0      413
1      403
2      396
3      388
4      379
      ... 
391    344
392    368
393    368
394    384
395    392
Name: 0, Length: 396, dtype: int64",44.991757900669505,3,0,1,10,3,54.376861236877986,1,55,1,13.924050632911392,1,10
55,ch0,27.775781009415958,1.0,0.0,1.0,4.0,1.0,27.287167291726757,2.0,11.0,2.0,2.6252983293556085,2.0,9.0,,,,,,,,,,,,,,65.5131295578115,2.0,1.0,2.0,10.0,2.0,88.88565391795271,1.0,33.0,1.0,7.913669064748201,1.0,9.0,"0      354
1      358
2      349
3      355
4      359
      ... 
415    333
416    324
417    322
418    333
419    327
Name: 0, Length: 420, dtype: int64",27.775781009415958,1,0,1,4,1,27.287167291726757,2,11,2,2.6252983293556085,2,9
56,ch0,16.324374305259543,1.0,0.0,1.0,0.0,1.0,10.502174683222664,3.0,0.0,3.0,0.0,3.0,12.0,87.07687152033894,3.0,3.0,3.0,6.0,3.0,125.23404953996778,1.0,38.0,1.0,9.45273631840796,1.0,12.0,32.33090272204629,2.0,0.0,2.0,2.0,2.0,43.843292525960095,2.0,10.0,2.0,2.4154589371980677,2.0,12.0,"0      359
1      361
2      354
3      341
4      338
      ... 
412    331
413    344
414    369
415    377
416    370
Name: 0, Length: 417, dtype: int64",16.324374305259543,1,0,1,0,1,10.502174683222664,3,0,3,0.0,3,12
57,ch1,,,,,,,,,,,,,,92.57774894107921,1.0,1.0,1.0,5.0,1.0,117.38714945488223,2.0,28.0,2.0,6.153846153846154,2.0,9.0,128.23527431143316,2.0,2.0,2.0,10.0,2.0,153.9810594413049,1.0,48.0,1.0,10.666666666666668,1.0,9.0,"0      302
1      299
2      302
3      317
4      318
      ... 
451    298
452    315
453    329
454    351
455    363
Name: 0, Length: 456, dtype: int64",92.57774894107921,1,1,1,5,1,117.38714945488223,2,28,2,6.153846153846154,2,9
58,ch0,42.60709344362315,1.0,0.0,1.0,9.0,1.0,61.857868760585426,1.0,123.0,1.0,27.828054298642535,1.0,6.0,,,,,,,,,,,,,,,,,,,,,,,,,,,"0      336
1      347
2      361
3      336
4      375
      ... 
438    368
439    395
440    341
441    316
442    339
Name: 0, Length: 443, dtype: int64",42.60709344362315,1,0,1,9,1,61.857868760585426,1,123,1,27.828054298642535,1,6
59,ch1,1194.79966733622,1.0,2.0,1.0,3.0,1.0,1692.7945932729126,3.0,25.0,3.0,7.002801120448179,3.0,12.0,1197.330361190318,2.0,2.0,2.0,3.0,2.0,1696.512141150314,2.0,28.0,1.0,7.887323943661972,1.0,10.0,1204.841148787821,3.0,2.0,3.0,3.0,3.0,1699.9223800852221,1.0,26.0,2.0,7.303370786516854,2.0,14.0,"0      313
1      313
2      320
3      322
4      337
      ... 
351    375
352    353
353    344
354    346
355    338
Name: 0, Length: 356, dtype: int64",1197.330361190318,2,2,2,3,2,1696.512141150314,2,28,1,7.887323943661972,1,10
60,ch1,115.3731444489725,1.0,3.0,1.0,4.0,2.0,161.7598391740677,2.0,33.0,2.0,8.354430379746836,2.0,10.0,120.37167307751211,2.0,7.0,2.0,0.0,1.0,173.28066573963463,1.0,36.0,1.0,9.32642487046632,1.0,8.0,,,,,,,,,,,,,,"0       365
1       360
2       355
3      1356
4       338
       ... 
382     388
383     391
384     390
385     400
386     392
Name: 0, Length: 387, dtype: int64",120.37167307751211,2,7,2,0,1,173.28066573963463,1,36,1,9.32642487046632,1,8
61,ch0,77.56146299796409,2.0,0.0,1.0,13.0,1.0,101.19659431166698,2.0,146.0,1.0,40.896358543417364,1.0,8.0,69.85251565806776,1.0,0.0,2.0,13.0,2.0,82.6003875435604,3.0,66.0,3.0,18.435754189944134,3.0,14.0,109.03093824463538,3.0,3.0,3.0,13.0,3.0,135.47128319842759,1.0,81.0,2.0,23.142857142857142,2.0,14.0,"0      436
1      428
2      472
3      152
4      636
      ... 
353    476
354    492
355    180
356    264
357    300
Name: 0, Length: 358, dtype: int64",77.56146299796409,2,0,1,13,1,101.19659431166698,2,146,1,40.896358543417364,1,8
62,ch0,28.656538986984685,2.0,0.0,1.0,0.0,1.0,27.73721707398156,2.0,42.0,1.0,9.63302752293578,1.0,8.0,39.52379950438844,3.0,0.0,2.0,0.0,2.0,46.218201174598605,1.0,3.0,2.0,0.6912442396313364,2.0,12.0,27.558690642467724,1.0,0.0,3.0,0.0,3.0,22.610799982797356,3.0,3.0,3.0,0.6896551724137931,3.0,16.0,"0      364
1      341
2      358
3      373
4      388
      ... 
432    359
433    333
434    299
435    369
436    320
Name: 0, Length: 437, dtype: int64",28.656538986984685,2,0,1,0,1,27.73721707398156,2,42,1,9.63302752293578,1,8
63,ch1,134.88032114591505,1.0,4.0,1.0,59.0,2.0,184.23505814650562,2.0,199.0,2.0,49.01477832512315,2.0,10.0,154.17804047536467,2.0,5.0,2.0,53.0,1.0,207.9269396804992,1.0,208.0,1.0,53.06122448979592,1.0,8.0,,,,,,,,,,,,,,"0      353
1      357
2      347
3      350
4      358
      ... 
388    422
389    416
390    375
391    369
392    371
Name: 0, Length: 393, dtype: int64",154.17804047536467,2,5,2,53,1,207.9269396804992,1,208,1,53.06122448979592,1,8
64,ch1,,,,,,,,,,,,,,215.51772769959598,1.0,5.0,1.0,5.0,2.0,220.88403062637866,2.0,29.0,1.0,8.262108262108262,1.0,8.0,282.26978765761106,2.0,6.0,2.0,3.0,1.0,311.45854096576767,1.0,28.0,2.0,8.16326530612245,2.0,10.0,"0      344
1      361
2      389
3      435
4      440
      ... 
347    385
348    384
349    391
350    353
351    356
Name: 0, Length: 352, dtype: int64",215.51772769959598,1,5,1,5,2,220.88403062637866,2,29,1,8.262108262108262,1,8
65,ch0,58.42190351704166,2.0,1.0,1.0,5.0,3.0,80.8489050918159,2.0,92.0,1.0,20.909090909090907,1.0,10.0,103.96755500665464,3.0,2.0,3.0,1.0,1.0,142.1447870172891,1.0,48.0,2.0,11.428571428571429,2.0,12.0,56.14639142541599,1.0,1.0,2.0,3.0,2.0,77.46061226900575,3.0,26.0,3.0,5.949656750572083,3.0,14.0,"0      341
1      353
2      328
3      355
4      284
      ... 
436    323
437    312
438    301
439    300
440    289
Name: 0, Length: 441, dtype: int64",58.42190351704166,2,1,1,5,3,80.8489050918159,2,92,1,20.909090909090907,1,10
66,ch0,48.187513361056,1.0,0.0,1.0,0.0,1.0,65.3378105740973,3.0,24.0,2.0,6.434316353887399,2.0,10.0,106.48715028686664,3.0,4.0,3.0,2.0,3.0,151.30633185893464,1.0,23.0,3.0,6.336088154269973,3.0,16.0,85.5306651858329,2.0,1.0,2.0,0.0,2.0,112.68151564006472,2.0,31.0,1.0,8.539944903581267,1.0,10.0,"0      400
1      408
2      417
3      420
4      419
      ... 
369    399
370    390
371    392
372    395
373    396
Name: 0, Length: 374, dtype: int64",48.187513361056,1,0,1,0,1,65.3378105740973,3,24,2,6.434316353887399,2,10
68,ch1,,,,,,,,,,,,,,24.362478293910602,1.0,0.0,1.0,0.0,1.0,26.356222897769193,2.0,3.0,2.0,0.7281553398058253,2.0,9.0,93.36410283537438,2.0,3.0,2.0,6.0,2.0,124.1562322237591,1.0,43.0,1.0,10.75,1.0,9.0,"0      311
1      343
2      670
3      332
4      332
      ... 
408    418
409    387
410    390
411    407
412    419
Name: 0, Length: 413, dtype: int64",24.362478293910602,1,0,1,0,1,26.356222897769193,2,3,2,0.7281553398058253,2,9
69,ch1,,,,,,,,,,,,,,214.66727487085163,1.0,8.0,1.0,5.0,1.0,211.47757856039073,2.0,52.0,2.0,13.506493506493506,2.0,9.0,278.99065958334836,2.0,8.0,2.0,5.0,2.0,256.9449694649291,1.0,53.0,1.0,14.133333333333335,1.0,9.0,"0      354
1      356
2      356
3      368
4      365
      ... 
381    343
382    351
383    352
384    352
385    351
Name: 0, Length: 386, dtype: int64",214.66727487085163,1,8,1,5,1,211.47757856039073,2,52,2,13.506493506493506,2,9
71,ch0,26.463138751657716,1.0,0.0,1.0,0.0,1.0,28.936462129633437,1.0,36.0,1.0,8.695652173913043,1.0,6.0,,,,,,,,,,,,,,,,,,,,,,,,,,,"0      313
1      320
2      380
3      372
4      371
      ... 
410    359
411    354
412    366
413    373
414    387
Name: 0, Length: 415, dtype: int64",26.463138751657716,1,0,1,0,1,28.936462129633437,1,36,1,8.695652173913043,1,6
72,ch0,41.64615120644711,1.0,0.0,1.0,0.0,1.0,30.248420490147257,3.0,10.0,1.0,8.264462809917356,1.0,8.0,54.81267242603788,3.0,0.0,2.0,3.0,3.0,43.52076413126389,1.0,10.0,2.0,8.130081300813007,2.0,13.0,47.388232106538084,2.0,0.0,3.0,1.0,2.0,36.76085765780914,2.0,9.0,3.0,7.377049180327869,3.0,15.0,"0      403
1      446
2      504
3      583
4      567
      ... 
117    419
118    451
119    572
120    461
121    492
Name: 0, Length: 122, dtype: int64",41.64615120644711,1,0,1,0,1,30.248420490147257,3,10,1,8.264462809917356,1,8
74,ch0,179.44228412872297,1.0,8.0,1.0,11.0,1.0,244.53520220262575,3.0,67.0,2.0,19.476744186046513,2.0,10.0,219.1297496484877,2.0,11.0,2.0,13.0,2.0,280.27775011706245,2.0,57.0,3.0,16.913946587537094,3.0,14.0,254.29229430332506,3.0,13.0,3.0,15.0,3.0,324.64751514667273,1.0,72.0,1.0,21.818181818181817,1.0,12.0,"0      456
1      440
2      432
3      447
4      440
      ... 
340    443
341    406
342    402
343    452
344    476
Name: 0, Length: 345, dtype: int64",179.44228412872297,1,8,1,11,1,244.53520220262575,3,67,2,19.476744186046513,2,10
75,ch0,117.3397633286307,1.0,3.0,1.0,5.0,2.0,150.8334826014576,2.0,46.0,1.0,12.105263157894736,1.0,8.0,167.33182069978952,2.0,8.0,2.0,4.0,1.0,212.84859180936658,1.0,34.0,2.0,9.214092140921409,2.0,10.0,,,,,,,,,,,,,,"0      348
1      359
2      350
3      345
4      327
      ... 
376    335
377    332
378    342
379    362
380    385
Name: 0, Length: 381, dtype: int64",117.3397633286307,1,3,1,5,2,150.8334826014576,2,46,1,12.105263157894736,1,8
76,ch0,279.3929195094802,1.0,13.0,1.0,6.0,1.0,358.43722932812244,1.0,76.0,1.0,40.0,1.0,6.0,,,,,,,,,,,,,,,,,,,,,,,,,,,"0      275
1      376
2      382
3      525
4      705
      ... 
186    395
187    375
188    348
189    352
190    344
Name: 0, Length: 191, dtype: int64",279.3929195094802,1,13,1,6,1,358.43722932812244,1,76,1,40.0,1,6
77,ch0,61.9152646426947,2.0,1.0,1.0,42.0,3.0,81.43639746007752,2.0,137.0,1.0,28.189300411522634,1.0,10.0,72.6794424237984,3.0,1.0,2.0,3.0,1.0,95.36985811075517,1.0,13.0,2.0,2.663934426229508,2.0,11.0,57.15631538169397,1.0,1.0,3.0,3.0,2.0,61.62385901580653,3.0,12.0,3.0,2.459016393442623,3.0,15.0,"0      364
1      337
2      315
3      405
4      351
      ... 
482    360
483    376
484    357
485    342
486    265
Name: 0, Length: 487, dtype: int64",61.9152646426947,2,1,1,42,3,81.43639746007752,2,137,1,28.189300411522634,1,10
78,ch0,98.61766060307671,1.0,1.0,1.0,0.0,1.0,119.7732164410031,1.0,20.0,1.0,12.987012987012985,1.0,6.0,,,,,,,,,,,,,,,,,,,,,,,,,,,"0      458
1      444
2      460
3      451
4      425
      ... 
150    309
151    287
152    329
153    760
154    388
Name: 0, Length: 155, dtype: int64",98.61766060307671,1,1,1,0,1,119.7732164410031,1,20,1,12.987012987012985,1,6
79,ch0,224.73532537572922,1.0,7.0,1.0,3.0,1.0,295.73045606684246,1.0,76.0,1.0,40.21164021164021,1.0,6.0,,,,,,,,,,,,,,,,,,,,,,,,,,,"0       180
1      2287
2      1037
3       320
4       400
       ... 
185     465
186     828
187     427
188     804
189     369
Name: 0, Length: 190, dtype: int64",224.73532537572922,1,7,1,3,1,295.73045606684246,1,76,1,40.21164021164021,1,6
80,ch2,62.859720365624,3.0,0.0,1.0,14.0,3.0,81.78554273219687,1.0,107.0,2.0,24.31818181818182,2.0,12.0,38.02004852930732,2.0,0.0,2.0,0.0,1.0,44.04692068373744,3.0,16.0,3.0,3.619909502262444,3.0,14.0,36.658163472616074,1.0,0.0,3.0,1.0,2.0,47.65827275477658,2.0,143.0,1.0,31.991051454138702,1.0,10.0,"0      343
1      345
2      320
3      360
4      344
      ... 
443    312
444    311
445    313
446    339
447    357
Name: 0, Length: 448, dtype: int64",36.658163472616074,1,0,3,1,2,47.65827275477658,2,143,1,31.991051454138702,1,10
81,ch0,180.5356061433419,1.0,3.0,1.0,19.0,2.0,252.361929534272,3.0,124.0,1.0,44.927536231884055,1.0,9.0,186.2970406442104,2.0,4.0,2.0,22.0,3.0,269.0517531593805,2.0,99.0,2.0,35.483870967741936,3.0,14.0,212.4588272102465,3.0,5.0,3.0,18.0,1.0,296.3407470225191,1.0,99.0,3.0,37.21804511278196,2.0,13.0,"0      428
1      435
2      421
3      428
4      415
      ... 
272    356
273    424
274    360
275    274
276    254
Name: 0, Length: 277, dtype: int64",180.5356061433419,1,3,1,19,2,252.361929534272,3,124,1,44.927536231884055,1,9
82,ch0,24.619903692355482,1.0,0.0,1.0,0.0,1.0,16.435462389696667,1.0,9.0,1.0,2.0737327188940093,1.0,6.0,,,,,,,,,,,,,,,,,,,,,,,,,,,"0      354
1      355
2      349
3      353
4      335
      ... 
430    337
431    337
432    340
433    331
434    324
Name: 0, Length: 435, dtype: int64",24.619903692355482,1,0,1,0,1,16.435462389696667,1,9,1,2.0737327188940093,1,6
84,ch0,149.99407613922702,2.0,8.0,2.0,15.0,2.0,204.92890069908808,1.0,54.0,1.0,15.126050420168067,1.0,9.0,115.8660383212398,1.0,5.0,1.0,4.0,1.0,151.87549573577084,2.0,23.0,2.0,6.3711911357340725,2.0,9.0,,,,,,,,,,,,,,"0       453
1       471
2       540
3       511
4      1081
       ... 
353     400
354     414
355     434
356     417
357     419
Name: 0, Length: 358, dtype: int64",149.99407613922702,2,8,2,15,2,204.92890069908808,1,54,1,15.126050420168067,1,9
85,ch0,622.9175424140802,1.0,32.0,1.0,13.0,1.0,776.1589024754479,1.0,115.0,1.0,77.7027027027027,1.0,6.0,,,,,,,,,,,,,,,,,,,,,,,,,,,"0       480
1       379
2       452
3       300
4       250
       ... 
144     619
145     419
146     726
147    1182
148     485
Name: 0, Length: 149, dtype: int64",622.9175424140802,1,32,1,13,1,776.1589024754479,1,115,1,77.7027027027027,1,6
86,ch0,35.53633525046885,3.0,0.0,1.0,0.0,1.0,37.55521897635279,1.0,11.0,3.0,2.763819095477387,3.0,12.0,30.98131284558339,1.0,0.0,2.0,2.0,2.0,25.52057993071474,3.0,12.0,2.0,3.0,2.0,12.0,32.9075337362627,2.0,0.0,3.0,3.0,3.0,29.421775910974695,2.0,13.0,1.0,3.2418952618453867,1.0,12.0,"0      380
1      377
2      351
3      334
4      325
      ... 
394    341
395    349
396    355
397    353
398    337
Name: 0, Length: 399, dtype: int64",35.53633525046885,3,0,1,0,1,37.55521897635279,1,11,3,2.763819095477387,3,12
87,ch0,159.06236627788826,1.0,5.0,1.0,24.0,1.0,222.3730642639637,2.0,167.0,2.0,48.40579710144928,2.0,9.0,,,,,,,,,,,,,,271.8144862883865,2.0,9.0,2.0,73.0,2.0,366.6236420177559,1.0,264.0,1.0,75.0,1.0,9.0,"0       609
1       843
2       601
3       241
4       435
       ... 
341     285
342     564
343    1189
344     339
345     375
Name: 0, Length: 346, dtype: int64",159.06236627788826,1,5,1,24,1,222.3730642639637,2,167,2,48.40579710144928,2,9
88,ch0,196.9490517793711,1.0,6.0,1.0,7.0,1.0,224.81779439796597,1.0,58.0,1.0,19.661016949152543,1.0,6.0,,,,,,,,,,,,,,,,,,,,,,,,,,,"0      301
1      298
2      305
3      262
4      316
      ... 
291    457
292    350
293    375
294    379
295    322
Name: 0, Length: 296, dtype: int64",196.9490517793711,1,6,1,7,1,224.81779439796597,1,58,1,19.661016949152543,1,6
89,ch1,,,,,,,,,,,,,,62.22476453937885,1.0,0.0,1.0,10.0,1.0,68.19135286867834,1.0,34.0,1.0,10.303030303030303,1.0,6.0,,,,,,,,,,,,,,"0      441
1      448
2      459
3      446
4      454
      ... 
326    402
327    423
328    412
329    444
330    475
Name: 0, Length: 331, dtype: int64",62.22476453937885,1,0,1,10,1,68.19135286867834,1,34,1,10.303030303030303,1,6
90,ch0,47.80579673621561,2.0,0.0,1.0,8.0,2.0,55.513410032778,1.0,73.0,1.0,18.341708542713565,1.0,8.0,30.035292702495862,1.0,0.0,2.0,2.0,1.0,20.637565043121995,2.0,5.0,2.0,1.2626262626262625,2.0,10.0,,,,,,,,,,,,,,"0      424
1      438
2      495
3      436
4      399
      ... 
394    340
395    368
396    351
397    345
398    352
Name: 0, Length: 399, dtype: int64",47.80579673621561,2,0,1,8,2,55.513410032778,1,73,1,18.341708542713565,1,8
